{
    "name": "Cube.004Geometry.2",
    "vertices": [-0.03,-0.03,-0.1,-0.03,0.03,-0.1,-0.03,-0.03,-0.5,-0.03,0.03,-0.5,0.03,-0.03,-0.1,0.03,0.03,-0.1,0.03,-0.03,-0.5,0.03,0.03,-0.5,0.22,-0.03,0.6,0.22,0.03,0.6,0.22,-0.03,0.2,0.22,0.03,0.2,0.28,-0.03,0.6,0.28,0.03,0.6,0.28,-0.03,0.2,0.28,0.03,0.2,-0.4,-0.2,0.3,-0.4,0.2,0.3,-0.4,-0.2,-0.3,-0.4,0.2,-0.3,0.4,-0.2,0.3,0.4,0.2,0.3,0.4,-0.2,-0.3,0.4,0.2,-0.3,-0.28,-0.03,0.6,-0.28,0.03,0.6,-0.28,-0.03,0.2,-0.28,0.03,0.2,-0.22,-0.03,0.6,-0.22,0.03,0.6,-0.22,-0.03,0.2,-0.22,0.03,0.2],
    "faces": [35,0,1,3,2,0,0,1,2,3,35,2,3,7,6,0,3,2,4,5,35,6,7,5,4,0,5,4,6,7,35,1,0,4,5,0,1,0,7,6,35,4,0,2,6,0,7,0,3,5,35,7,3,1,5,0,4,2,1,6,35,8,9,11,10,0,0,1,2,3,35,10,11,15,14,0,3,2,4,5,35,14,15,13,12,0,5,4,6,7,35,12,13,9,8,0,7,6,1,0,35,10,14,12,8,0,3,5,7,0,35,15,11,9,13,0,4,2,1,6,35,16,17,19,18,0,0,1,2,3,35,18,19,23,22,0,3,2,4,5,35,22,23,21,20,0,5,4,6,7,35,20,21,17,16,0,7,6,1,0,35,18,22,20,16,0,3,5,7,0,35,23,19,17,21,0,4,2,1,6,35,24,25,27,26,0,0,1,2,3,35,26,27,31,30,0,3,2,4,5,35,30,31,29,28,0,5,4,6,7,35,28,29,25,24,0,7,6,1,0,35,26,30,28,24,0,3,5,7,0,35,31,27,25,29,0,4,2,1,6],
    "uvs": [],
    "metadata": {
        "vertices": 32,
        "type": "Geometry",
        "faces": 24,
        "normals": 8,
        "uvs": 0,
        "materials": 1,
        "version": 3,
        "generator": "io_three"
    },
    "normals": [-0.577349,-0.577349,0.577349,-0.577349,0.577349,0.577349,-0.577349,0.577349,-0.577349,-0.577349,-0.577349,-0.577349,0.577349,0.577349,-0.577349,0.577349,-0.577349,-0.577349,0.577349,0.577349,0.577349,0.577349,-0.577349,0.577349],
    "materials": [{
        "colorDiffuse": [0.565869,0.634226,0.8],
        "wireframe": false,
        "visible": true,
        "DbgIndex": 0,
        "blending": "NormalBlending",
        "colorSpecular": [0.5,0.5,0.5],
        "colorAmbient": [0.565869,0.634226,0.8],
        "colorEmissive": [0,0,0],
        "DbgName": "Material.001",
        "DbgColor": 15658734,
        "depthTest": true,
        "specularCoef": 50,
        "transparent": false,
        "shading": "phong",
        "depthWrite": true,
        "opacity": 1
    }]
}